{
  "13:18-24_360": [
    {
      "answer": "عقبى الدار",
      "strt_token_indx": 443,
      "end_token_indx": 453,
      "rank": 1,
      "score": 6.155273877084255e-05
    }
  ],
  "40:7-9_360": [
    {
      "answer": "ربهم",
      "strt_token_indx": 40,
      "end_token_indx": 44,
      "rank": 1,
      "score": 0.010635084472596645
    }
  ],
  "52:17-28_360": [
    {
      "answer": "عذاب السموم",
      "strt_token_indx": 467,
      "end_token_indx": 478,
      "rank": 1,
      "score": 0.02915160357952118
    }
  ],
  "73:15-19_386": [
    {
      "answer": "الولدان شيبا .",
      "strt_token_indx": 133,
      "end_token_indx": 147,
      "rank": 1,
      "score": 0.0002736689930316061
    }
  ],
  "28:76-81_114": [
    {
      "answer": "فما كان له من فئة ينصرونه من دون الله",
      "strt_token_indx": 617,
      "end_token_indx": 654,
      "rank": 1,
      "score": 0.046240467578172684
    }
  ],
  "11:41-44_207": [
    {
      "answer": "يا بني اركب معنا",
      "strt_token_indx": 117,
      "end_token_indx": 133,
      "rank": 1,
      "score": 0.8345047831535339
    }
  ],
  "11:45-48_207": [
    {
      "answer": "ربه",
      "strt_token_indx": 10,
      "end_token_indx": 13,
      "rank": 1,
      "score": 0.0029034768231213093
    }
  ],
  "37:62-74_126": [
    {
      "answer": "شجرة تخرج في أصل الجحيم",
      "strt_token_indx": 64,
      "end_token_indx": 87,
      "rank": 1,
      "score": 0.1261538714170456
    }
  ],
  "44:40-50_126": [
    {
      "answer": "طعام الأثيم",
      "strt_token_indx": 132,
      "end_token_indx": 143,
      "rank": 1,
      "score": 0.833203136920929
    }
  ],
  "56:41-56_126": [
    {
      "answer": "البطون",
      "strt_token_indx": 344,
      "end_token_indx": 350,
      "rank": 1,
      "score": 0.8660648465156555
    }
  ],
  "11:50-60_337": [
    {
      "answer": "أجرا",
      "strt_token_indx": 105,
      "end_token_indx": 109,
      "rank": 1,
      "score": 4.4903363232151605e-06
    }
  ],
  "55:37-45_337": [
    {
      "answer": "بالنواصي والأقدام",
      "strt_token_indx": 154,
      "end_token_indx": 171,
      "rank": 1,
      "score": 0.21112209558486938
    }
  ],
  "96:9-19_337": [
    {
      "answer": "إن كان على الهدى",
      "strt_token_indx": 39,
      "end_token_indx": 55,
      "rank": 1,
      "score": 0.0034010193776339293
    }
  ],
  "12:7-10_224": [
    {
      "answer": "إن كنتم فاعلين",
      "strt_token_indx": 257,
      "end_token_indx": 271,
      "rank": 1,
      "score": 0.6327444314956665
    }
  ],
  "29:14-18_234": [
    {
      "answer": "ألف سنة إلا خمسين عاما",
      "strt_token_indx": 36,
      "end_token_indx": 58,
      "rank": 1,
      "score": 0.8154200911521912
    }
  ],
  "4:114-115_342": [
    {
      "answer": "الهدى",
      "strt_token_indx": 160,
      "end_token_indx": 165,
      "rank": 1,
      "score": 0.14301586151123047
    }
  ],
  "7:204-206_342": [
    {
      "answer": "بالغدو والآصال",
      "strt_token_indx": 101,
      "end_token_indx": 115,
      "rank": 1,
      "score": 0.1197756752371788
    }
  ],
  "22:25-29_342": [
    {
      "answer": "بظلم نذقه",
      "strt_token_indx": 110,
      "end_token_indx": 119,
      "rank": 1,
      "score": 0.0008902817498892546
    }
  ],
  "31:12-19_342": [
    {
      "answer": "لصوت الحمير",
      "strt_token_indx": 713,
      "end_token_indx": 724,
      "rank": 1,
      "score": 0.40466630458831787
    }
  ],
  "43:74-80_342": [
    {
      "answer": "الظالمين",
      "strt_token_indx": 90,
      "end_token_indx": 98,
      "rank": 1,
      "score": 0.0006735417991876602
    }
  ],
  "49:1-5_342": [
    {
      "answer": "أصواتكم فوق صوت النبي",
      "strt_token_indx": 112,
      "end_token_indx": 133,
      "rank": 1,
      "score": 0.24893708527088165
    }
  ],
  "58:7-10_342": [
    {
      "answer": "النجوى",
      "strt_token_indx": 551,
      "end_token_indx": 557,
      "rank": 1,
      "score": 9.150255937129259e-05
    }
  ],
  "68:48-52_342": [
    {
      "answer": "نعمة",
      "strt_token_indx": 70,
      "end_token_indx": 74,
      "rank": 1,
      "score": 0.0134357875213027
    }
  ],
  "2:130-134_419": [
    {
      "answer": "الصالحين",
      "strt_token_indx": 83,
      "end_token_indx": 91,
      "rank": 1,
      "score": 0.00010768506763270125
    }
  ],
  "2:135-138_419": [
    {
      "answer": "لا نفرق بين أحد منهم",
      "strt_token_indx": 210,
      "end_token_indx": 230,
      "rank": 1,
      "score": 0.000125418184325099
    }
  ],
  "2:177-177_419": [
    {
      "answer": "البر",
      "strt_token_indx": 4,
      "end_token_indx": 8,
      "rank": 1,
      "score": 0.00016199250239878893
    }
  ],
  "2:213-214_419": [
    {
      "answer": "مبشرين ومنذرين",
      "strt_token_indx": 38,
      "end_token_indx": 52,
      "rank": 1,
      "score": 0.3019852340221405
    }
  ],
  "2:253-254_419": [
    {
      "answer": "الله يفعل ما يريد",
      "strt_token_indx": 242,
      "end_token_indx": 259,
      "rank": 1,
      "score": 0.0010460021439939737
    }
  ],
  "2:284-286_419": [
    {
      "answer": "الرسول",
      "strt_token_indx": 137,
      "end_token_indx": 143,
      "rank": 1,
      "score": 0.0003299038507975638
    }
  ],
  "3:18-22_419": [
    {
      "answer": "شهد الله أنه لا إله إلا هو والملائكة",
      "strt_token_indx": 0,
      "end_token_indx": 36,
      "rank": 1,
      "score": 0.0006253387546166778
    }
  ],
  "3:33-41_419": [
    {
      "answer": "إن الله",
      "strt_token_indx": 0,
      "end_token_indx": 7,
      "rank": 1,
      "score": 3.4517636322561884e-06
    }
  ],
  "3:84-85_419": [
    {
      "answer": "دينا",
      "strt_token_indx": 178,
      "end_token_indx": 182,
      "rank": 1,
      "score": 0.6978763937950134
    }
  ],
  "4:66-70_419": [
    {
      "answer": "خيرا لهم وأشد تثبيتا",
      "strt_token_indx": 113,
      "end_token_indx": 133,
      "rank": 1,
      "score": 0.0012330790050327778
    }
  ],
  "4:135-136_419": [
    {
      "answer": "ضلالا بعيدا",
      "strt_token_indx": 350,
      "end_token_indx": 361,
      "rank": 1,
      "score": 0.002632256131619215
    }
  ],
  "4:150-152_419": [
    {
      "answer": "وكان الله غفورا رحيما",
      "strt_token_indx": 250,
      "end_token_indx": 271,
      "rank": 1,
      "score": 0.028602980077266693
    }
  ],
  "6:8-11_419": [
    {
      "answer": "المكذبين",
      "strt_token_indx": 236,
      "end_token_indx": 244,
      "rank": 1,
      "score": 1.0838890375453047e-05
    }
  ],
  "6:84-90_419": [
    {
      "answer": "وكلا فضلنا على العالمين .",
      "strt_token_indx": 194,
      "end_token_indx": 219,
      "rank": 1,
      "score": 3.1129303579291445e-07
    }
  ],
  "11:69-76_419": [
    {
      "answer": "أتعجبين من أمر الله رحمت الله",
      "strt_token_indx": 296,
      "end_token_indx": 325,
      "rank": 1,
      "score": 0.00016653412603773177
    }
  ],
  "13:30-34_419": [
    {
      "answer": "ربي لا إله",
      "strt_token_indx": 94,
      "end_token_indx": 104,
      "rank": 1,
      "score": 0.00014578654372598976
    }
  ],
  "17:53-56_419": [
    {
      "answer": "الذين زعمتم من دونه",
      "strt_token_indx": 254,
      "end_token_indx": 273,
      "rank": 1,
      "score": 0.013896807096898556
    }
  ],
  "19:41-51_419": [
    {
      "answer": "الشيطان إن الشيطان كان للرحمن عصيا",
      "strt_token_indx": 194,
      "end_token_indx": 228,
      "rank": 1,
      "score": 6.55068276955717e-07
    }
  ],
  "19:51-58_419": [
    {
      "answer": "بالصلاة والزكاة وكان عند ربه مرضيا",
      "strt_token_indx": 212,
      "end_token_indx": 246,
      "rank": 1,
      "score": 0.00134187750518322
    }
  ],
  "21:36-41_419": [
    {
      "answer": "صادقين",
      "strt_token_indx": 168,
      "end_token_indx": 174,
      "rank": 1,
      "score": 0.000311219017021358
    }
  ],
  "21:69-73_419": [
    {
      "answer": "إبراهيم",
      "strt_token_indx": 33,
      "end_token_indx": 40,
      "rank": 1,
      "score": 0.0008496684022247791
    }
  ],
  "33:7-9_419": [
    {
      "answer": "ميثاقهم",
      "strt_token_indx": 21,
      "end_token_indx": 28,
      "rank": 1,
      "score": 3.188150731148198e-05
    }
  ],
  "37:75-82_419": [
    {
      "answer": "سلام على نوح في العالمين",
      "strt_token_indx": 116,
      "end_token_indx": 140,
      "rank": 1,
      "score": 0.00843960139900446
    }
  ],
  "38:30-40_419": [
    {
      "answer": "حب الخير عن ذكر ربي",
      "strt_token_indx": 94,
      "end_token_indx": 113,
      "rank": 1,
      "score": 1.230601264978759e-05
    }
  ],
  "38:41-48_419": [
    {
      "answer": "العبد",
      "strt_token_indx": 204,
      "end_token_indx": 209,
      "rank": 1,
      "score": 8.015915227588266e-06
    }
  ],
  "40:47-52_419": [
    {
      "answer": "معذرتهم",
      "strt_token_indx": 408,
      "end_token_indx": 415,
      "rank": 1,
      "score": 1.2086023161828052e-05
    }
  ],
  "58:14-21_419": [
    {
      "answer": "استحوذ عليهم الشيطان",
      "strt_token_indx": 374,
      "end_token_indx": 394,
      "rank": 1,
      "score": 0.000996788963675499
    }
  ],
  "4:22-24_156": [
    {
      "answer": "إنه كان فاحشة ومقتا وساء سبيلا",
      "strt_token_indx": 49,
      "end_token_indx": 79,
      "rank": 1,
      "score": 0.0053097340278327465
    }
  ],
  "2:87-88_241": [
    {
      "answer": "آتينا موسى",
      "strt_token_indx": 5,
      "end_token_indx": 15,
      "rank": 1,
      "score": 0.03404754400253296
    }
  ],
  "2:97-101_241": [
    {
      "answer": "من كان عدوا لله",
      "strt_token_indx": 92,
      "end_token_indx": 107,
      "rank": 1,
      "score": 0.31195226311683655
    }
  ],
  "2:102-103_241": [
    {
      "answer": "المرء وزوجه",
      "strt_token_indx": 217,
      "end_token_indx": 228,
      "rank": 1,
      "score": 0.003026043064892292
    }
  ],
  "2:253-254_241": [
    {
      "answer": "الظالمون",
      "strt_token_indx": 362,
      "end_token_indx": 370,
      "rank": 1,
      "score": 0.5546278953552246
    }
  ],
  "5:110-113_241": [
    {
      "answer": "الموتى",
      "strt_token_indx": 246,
      "end_token_indx": 252,
      "rank": 1,
      "score": 1.4225804079615045e-05
    }
  ],
  "16:98-102_241": [
    {
      "answer": "بالله",
      "strt_token_indx": 24,
      "end_token_indx": 29,
      "rank": 1,
      "score": 0.018439456820487976
    }
  ],
  "26:192-212_241": [
    {
      "answer": "المجرمين",
      "strt_token_indx": 247,
      "end_token_indx": 255,
      "rank": 1,
      "score": 7.188098152255407e-06
    }
  ],
  "32:10-14_241": [
    {
      "answer": "ربهم كافرون",
      "strt_token_indx": 57,
      "end_token_indx": 68,
      "rank": 1,
      "score": 0.0052190786227583885
    }
  ],
  "43:74-80_241": [
    {
      "answer": "الظالمين",
      "strt_token_indx": 90,
      "end_token_indx": 98,
      "rank": 1,
      "score": 0.9006443619728088
    }
  ],
  "66:1-5_241": [
    {
      "answer": "المؤمنين",
      "strt_token_indx": 362,
      "end_token_indx": 370,
      "rank": 1,
      "score": 0.03914537653326988
    }
  ],
  "69:13-18_241": [
    {
      "answer": "والملك",
      "strt_token_indx": 123,
      "end_token_indx": 129,
      "rank": 1,
      "score": 9.70183373283362e-06
    }
  ],
  "70:1-7_241": [
    {
      "answer": "والروح",
      "strt_token_indx": 80,
      "end_token_indx": 86,
      "rank": 1,
      "score": 0.40750882029533386
    }
  ],
  "78:38-40_241": [
    {
      "answer": "صفا",
      "strt_token_indx": 25,
      "end_token_indx": 28,
      "rank": 1,
      "score": 0.8266857266426086
    }
  ],
  "96:9-19_241": [
    {
      "answer": "ألم يعلم بأن الله يرى .",
      "strt_token_indx": 96,
      "end_token_indx": 119,
      "rank": 1,
      "score": 0.00016193639021366835
    }
  ],
  "97:1-5_241": [
    {
      "answer": "والروح",
      "strt_token_indx": 96,
      "end_token_indx": 102,
      "rank": 1,
      "score": 0.888454258441925
    }
  ],
  "31:12-19_135": [
    {
      "answer": "يا بني لا تشرك بالله",
      "strt_token_indx": 119,
      "end_token_indx": 139,
      "rank": 1,
      "score": 0.42885273694992065
    }
  ],
  "2:154-157_157": [
    {
      "answer": "أموات",
      "strt_token_indx": 33,
      "end_token_indx": 38,
      "rank": 1,
      "score": 0.901730477809906
    }
  ],
  "3:156-158_157": [
    {
      "answer": "حسرة في قلوبهم",
      "strt_token_indx": 140,
      "end_token_indx": 154,
      "rank": 1,
      "score": 0.03976844623684883
    }
  ],
  "3:169-175_157": [
    {
      "answer": "أمواتا",
      "strt_token_indx": 35,
      "end_token_indx": 41,
      "rank": 1,
      "score": 0.8022057414054871
    }
  ],
  "4:74-76_157": [
    {
      "answer": "فسوف نؤتيه أجرا عظيما",
      "strt_token_indx": 92,
      "end_token_indx": 113,
      "rank": 1,
      "score": 0.6816272735595703
    }
  ],
  "9:111-112_157": [
    {
      "answer": "الجنة",
      "strt_token_indx": 50,
      "end_token_indx": 55,
      "rank": 1,
      "score": 0.864919900894165
    }
  ],
  "22:58-66_157": [
    {
      "answer": "الله رزقا حسنا",
      "strt_token_indx": 54,
      "end_token_indx": 68,
      "rank": 1,
      "score": 0.043837569653987885
    }
  ],
  "47:1-6_157": [
    {
      "answer": "محمد",
      "strt_token_indx": 93,
      "end_token_indx": 97,
      "rank": 1,
      "score": 0.7816070318222046
    }
  ],
  "7:85-93_245": [
    {
      "answer": "الخاسرين",
      "strt_token_indx": 924,
      "end_token_indx": 932,
      "rank": 1,
      "score": 0.2692781984806061
    }
  ],
  "11:84-94_245": [
    {
      "answer": "ما لكم من إله غيره",
      "strt_token_indx": 45,
      "end_token_indx": 63,
      "rank": 1,
      "score": 0.28972092270851135
    }
  ],
  "26:176-191_245": [
    {
      "answer": "ألا تتقون",
      "strt_token_indx": 44,
      "end_token_indx": 53,
      "rank": 1,
      "score": 0.8090457320213318
    }
  ],
  "29:36-40_245": [
    {
      "answer": "اعبدوا الله",
      "strt_token_indx": 34,
      "end_token_indx": 45,
      "rank": 1,
      "score": 0.7121440768241882
    }
  ],
  "2:234-237_124": [
    {
      "answer": "أربعة أشهر وعشرا",
      "strt_token_indx": 48,
      "end_token_indx": 64,
      "rank": 1,
      "score": 0.7755306959152222
    }
  ],
  "6:22-26_428": [
    {
      "answer": "مشركين",
      "strt_token_indx": 119,
      "end_token_indx": 125,
      "rank": 1,
      "score": 9.281327947974205e-06
    }
  ],
  "7:179-179_428": [
    {
      "answer": "أولئك كالأنعام",
      "strt_token_indx": 109,
      "end_token_indx": 123,
      "rank": 1,
      "score": 0.3225501775741577
    }
  ],
  "22:42-46_428": [
    {
      "answer": "الأبصار",
      "strt_token_indx": 292,
      "end_token_indx": 299,
      "rank": 1,
      "score": 0.2592310905456543
    }
  ],
  "47:20-24_428": [
    {
      "answer": "القتال",
      "strt_token_indx": 65,
      "end_token_indx": 71,
      "rank": 1,
      "score": 0.011862967163324356
    }
  ],
  "7:80-84_397": [
    {
      "answer": "النساء",
      "strt_token_indx": 99,
      "end_token_indx": 105,
      "rank": 1,
      "score": 0.00024699349887669086
    }
  ],
  "26:160-175_397": [
    {
      "answer": "الذكران من العالمين",
      "strt_token_indx": 159,
      "end_token_indx": 178,
      "rank": 1,
      "score": 4.6952281991252676e-06
    }
  ],
  "27:54-58_397": [
    {
      "answer": "النساء",
      "strt_token_indx": 81,
      "end_token_indx": 87,
      "rank": 1,
      "score": 9.540722203382757e-07
    }
  ],
  "29:28-35_397": [
    {
      "answer": "السبيل",
      "strt_token_indx": 101,
      "end_token_indx": 107,
      "rank": 1,
      "score": 5.936009870310954e-07
    }
  ],
  "54:33-42_397": [
    {
      "answer": "فهل من مدكر",
      "strt_token_indx": 267,
      "end_token_indx": 278,
      "rank": 1,
      "score": 0.802269697189331
    }
  ],
  "2:228-230_424": [
    {
      "answer": "بالله",
      "strt_token_indx": 91,
      "end_token_indx": 96,
      "rank": 1,
      "score": 0.002505436073988676
    }
  ],
  "2:231-232_424": [
    {
      "answer": "بالله",
      "strt_token_indx": 364,
      "end_token_indx": 369,
      "rank": 1,
      "score": 0.0005461915279738605
    }
  ],
  "2:234-237_424": [
    {
      "answer": "المحسنين",
      "strt_token_indx": 525,
      "end_token_indx": 533,
      "rank": 1,
      "score": 1.0609684295559418e-06
    }
  ],
  "2:240-242_424": [
    {
      "answer": "لعلكم تعقلون",
      "strt_token_indx": 212,
      "end_token_indx": 224,
      "rank": 1,
      "score": 0.003205353394150734
    }
  ],
  "3:190-195_424": [
    {
      "answer": "عنا سيئاتنا وتوفنا مع الأبرار .",
      "strt_token_indx": 336,
      "end_token_indx": 367,
      "rank": 1,
      "score": 6.19645277311065e-07
    }
  ],
  "4:7-10_424": [
    {
      "answer": "نصيبا مفروضا .",
      "strt_token_indx": 97,
      "end_token_indx": 111,
      "rank": 1,
      "score": 6.849463534308597e-05
    }
  ],
  "4:19-21_424": [
    {
      "answer": "كرها",
      "strt_token_indx": 47,
      "end_token_indx": 51,
      "rank": 1,
      "score": 0.3931531608104706
    }
  ],
  "4:25-25_424": [
    {
      "answer": "فتياتكم المؤمنات",
      "strt_token_indx": 72,
      "end_token_indx": 88,
      "rank": 1,
      "score": 0.00014673819532617927
    }
  ],
  "4:32-33_424": [
    {
      "answer": "موالي",
      "strt_token_indx": 148,
      "end_token_indx": 153,
      "rank": 1,
      "score": 0.03771420940756798
    }
  ],
  "4:122-126_424": [
    {
      "answer": "الله حقا",
      "strt_token_indx": 85,
      "end_token_indx": 93,
      "rank": 1,
      "score": 9.654468158259988e-06
    }
  ],
  "4:127-127_424": [
    {
      "answer": "قل الله يفتيكم فيهن",
      "strt_token_indx": 20,
      "end_token_indx": 39,
      "rank": 1,
      "score": 0.018608978018164635
    }
  ],
  "16:94-97_424": [
    {
      "answer": "عذاب عظيم",
      "strt_token_indx": 92,
      "end_token_indx": 101,
      "rank": 1,
      "score": 0.0107954703271389
    }
  ],
  "33:35-35_424": [
    {
      "answer": "أعد الله لهم مغفرة وأجرا عظيما",
      "strt_token_indx": 222,
      "end_token_indx": 252,
      "rank": 1,
      "score": 0.005919576622545719
    }
  ],
  "33:56-59_424": [
    {
      "answer": "فلا يؤذين",
      "strt_token_indx": 328,
      "end_token_indx": 337,
      "rank": 1,
      "score": 0.0011933164205402136
    }
  ],
  "40:38-46_424": [
    {
      "answer": "بالعباد",
      "strt_token_indx": 518,
      "end_token_indx": 525,
      "rank": 1,
      "score": 5.265436584522831e-07
    }
  ],
  "58:1-4_424": [
    {
      "answer": "الله قول التي تجادلك في زوجها",
      "strt_token_indx": 7,
      "end_token_indx": 36,
      "rank": 1,
      "score": 1.2935041922901291e-05
    }
  ],
  "60:12-13_424": [
    {
      "answer": "أيديهن وأرجلهن",
      "strt_token_indx": 134,
      "end_token_indx": 148,
      "rank": 1,
      "score": 0.00024079559079837054
    }
  ],
  "65:1-3_424": [
    {
      "answer": "النبي",
      "strt_token_indx": 8,
      "end_token_indx": 13,
      "rank": 1,
      "score": 0.6063003540039062
    }
  ],
  "65:4-7_424": [
    {
      "answer": "لينفق ذو سعة من سعته",
      "strt_token_indx": 398,
      "end_token_indx": 418,
      "rank": 1,
      "score": 4.410402470966801e-05
    }
  ],
  "2:124-129_352": [
    {
      "answer": "لك وأرنا مناسكنا",
      "strt_token_indx": 522,
      "end_token_indx": 538,
      "rank": 1,
      "score": 0.0054616970010101795
    }
  ],
  "2:130-134_352": [
    {
      "answer": "واحدا",
      "strt_token_indx": 347,
      "end_token_indx": 352,
      "rank": 1,
      "score": 0.0029684831388294697
    }
  ],
  "2:135-138_352": [
    {
      "answer": "موسى وعيسى",
      "strt_token_indx": 174,
      "end_token_indx": 184,
      "rank": 1,
      "score": 0.8186718225479126
    }
  ],
  "3:62-68_352": [
    {
      "answer": "المشركين",
      "strt_token_indx": 521,
      "end_token_indx": 529,
      "rank": 1,
      "score": 0.20860235393047333
    }
  ],
  "3:84-85_352": [
    {
      "answer": "موسى وعيسى والنبيون",
      "strt_token_indx": 91,
      "end_token_indx": 110,
      "rank": 1,
      "score": 0.767545759677887
    }
  ],
  "10:71-73_352": [
    {
      "answer": "المنذرين",
      "strt_token_indx": 345,
      "end_token_indx": 353,
      "rank": 1,
      "score": 0.00032471073791384697
    }
  ],
  "12:97-101_352": [
    {
      "answer": "بالصالحين",
      "strt_token_indx": 501,
      "end_token_indx": 510,
      "rank": 1,
      "score": 0.7319523096084595
    }
  ],
  "27:38-44_352": [
    {
      "answer": "قال يا أيها الملأ",
      "strt_token_indx": 0,
      "end_token_indx": 17,
      "rank": 1,
      "score": 9.022272934089415e-06
    }
  ],
  "2:272-274_330": [
    {
      "answer": "إلحافا",
      "strt_token_indx": 264,
      "end_token_indx": 270,
      "rank": 1,
      "score": 0.5747867822647095
    }
  ],
  "2:277-281_330": [
    {
      "answer": "عسرة",
      "strt_token_indx": 280,
      "end_token_indx": 284,
      "rank": 1,
      "score": 0.11214956641197205
    }
  ],
  "2:284-286_330": [
    {
      "answer": "السماوات",
      "strt_token_indx": 10,
      "end_token_indx": 18,
      "rank": 1,
      "score": 2.2201436877367087e-05
    }
  ],
  "3:176-180_330": [
    {
      "answer": "عذاب مهين",
      "strt_token_indx": 259,
      "end_token_indx": 268,
      "rank": 1,
      "score": 0.0007369130034931004
    }
  ],
  "5:48-50_330": [
    {
      "answer": "فينبئكم بما كنتم فيه تختلفون",
      "strt_token_indx": 250,
      "end_token_indx": 278,
      "rank": 1,
      "score": 0.5808545351028442
    }
  ],
  "5:54-56_330": [
    {
      "answer": "لومة لائم ذلك",
      "strt_token_indx": 143,
      "end_token_indx": 156,
      "rank": 1,
      "score": 0.008036097511649132
    }
  ],
  "6:27-32_330": [
    {
      "answer": "أفلا تعقلون",
      "strt_token_indx": 513,
      "end_token_indx": 524,
      "rank": 1,
      "score": 0.1616421788930893
    }
  ],
  "6:100-105_330": [
    {
      "answer": "الآيات",
      "strt_token_indx": 382,
      "end_token_indx": 388,
      "rank": 1,
      "score": 7.040767400212644e-07
    }
  ],
  "6:164-165_330": [
    {
      "answer": "فينبئكم بما كنتم فيه تختلفون",
      "strt_token_indx": 104,
      "end_token_indx": 132,
      "rank": 1,
      "score": 0.22622498869895935
    }
  ],
  "11:6-7_330": [
    {
      "answer": "دابة",
      "strt_token_indx": 7,
      "end_token_indx": 11,
      "rank": 1,
      "score": 0.01762481778860092
    }
  ],
  "12:50-57_330": [
    {
      "answer": "الخائنين",
      "strt_token_indx": 307,
      "end_token_indx": 315,
      "rank": 1,
      "score": 0.00015447329496964812
    }
  ],
  "14:47-52_330": [
    {
      "answer": "فلا تحسبن الله مخلف",
      "strt_token_indx": 0,
      "end_token_indx": 19,
      "rank": 1,
      "score": 0.00017797504551708698
    }
  ],
  "17:12-17_330": [
    {
      "answer": "السنين والحساب",
      "strt_token_indx": 102,
      "end_token_indx": 116,
      "rank": 1,
      "score": 0.0015806215815246105
    }
  ],
  "18:29-31_330": [
    {
      "answer": "نعم الثواب وحسنت مرتفقا",
      "strt_token_indx": 348,
      "end_token_indx": 371,
      "rank": 1,
      "score": 0.004785782191902399
    }
  ],
  "27:38-44_330": [
    {
      "answer": "ادخلي الصرح",
      "strt_token_indx": 510,
      "end_token_indx": 521,
      "rank": 1,
      "score": 2.7301393856760114e-05
    }
  ],
  "27:89-93_330": [
    {
      "answer": "بالحسنة",
      "strt_token_indx": 7,
      "end_token_indx": 14,
      "rank": 1,
      "score": 0.024413589388132095
    }
  ],
  "30:38-41_330": [
    {
      "answer": "القربى حقه",
      "strt_token_indx": 7,
      "end_token_indx": 17,
      "rank": 1,
      "score": 0.0030968282371759415
    }
  ],
  "31:12-19_330": [
    {
      "answer": "الأصوات",
      "strt_token_indx": 705,
      "end_token_indx": 712,
      "rank": 1,
      "score": 1.2189567314635497e-05
    }
  ],
  "33:72-73_330": [
    {
      "answer": "ظلوما جهولا",
      "strt_token_indx": 98,
      "end_token_indx": 109,
      "rank": 1,
      "score": 0.7144164443016052
    }
  ],
  "35:15-18_330": [
    {
      "answer": "الفقراء",
      "strt_token_indx": 19,
      "end_token_indx": 26,
      "rank": 1,
      "score": 0.0073184967041015625
    }
  ],
  "35:29-35_330": [
    {
      "answer": "الفضل الكبير",
      "strt_token_indx": 331,
      "end_token_indx": 343,
      "rank": 1,
      "score": 0.12544217705726624
    }
  ],
  "39:38-41_330": [
    {
      "answer": "المتوكلون",
      "strt_token_indx": 174,
      "end_token_indx": 183,
      "rank": 1,
      "score": 6.469976506195962e-05
    }
  ],
  "41:45-48_330": [
    {
      "answer": "علم الساعة",
      "strt_token_indx": 160,
      "end_token_indx": 170,
      "rank": 1,
      "score": 0.0023065931163728237
    }
  ],
  "42:27-31_330": [
    {
      "answer": "ولي ولا نصير",
      "strt_token_indx": 337,
      "end_token_indx": 349,
      "rank": 1,
      "score": 0.00045942922588437796
    }
  ],
  "43:15-25_330": [
    {
      "answer": "الخصام غير مبين . وجعلوا الملائكة",
      "strt_token_indx": 175,
      "end_token_indx": 208,
      "rank": 1,
      "score": 3.7803260966029484e-07
    }
  ],
  "45:12-15_330": [
    {
      "answer": "لآيات لقوم يتفكرون",
      "strt_token_indx": 136,
      "end_token_indx": 154,
      "rank": 1,
      "score": 0.00021561869652941823
    }
  ],
  "47:1-6_330": [
    {
      "answer": "الباطل",
      "strt_token_indx": 173,
      "end_token_indx": 179,
      "rank": 1,
      "score": 1.525171001048875e-06
    }
  ],
  "67:1-5_330": [
    {
      "answer": "الموت",
      "strt_token_indx": 53,
      "end_token_indx": 58,
      "rank": 1,
      "score": 1.691668512648903e-05
    }
  ],
  "73:15-19_330": [
    {
      "answer": "السماء منفطر به كان وعده مفعولا",
      "strt_token_indx": 148,
      "end_token_indx": 179,
      "rank": 1,
      "score": 0.0530167855322361
    }
  ],
  "74:32-48_330": [
    {
      "answer": "نذيرا للبشر",
      "strt_token_indx": 67,
      "end_token_indx": 78,
      "rank": 1,
      "score": 0.0011136166285723448
    }
  ],
  "74:49-56_330": [
    {
      "answer": "حمر مستنفرة",
      "strt_token_indx": 34,
      "end_token_indx": 45,
      "rank": 1,
      "score": 0.0033449907787144184
    }
  ],
  "76:23-31_330": [
    {
      "answer": "اتخذ إلى ربه سبيلا",
      "strt_token_indx": 274,
      "end_token_indx": 292,
      "rank": 1,
      "score": 0.00017439285875298083
    }
  ],
  "78:38-40_330": [
    {
      "answer": "المرء",
      "strt_token_indx": 151,
      "end_token_indx": 156,
      "rank": 1,
      "score": 0.0031323395669460297
    }
  ],
  "79:34-41_330": [
    {
      "answer": "طغى",
      "strt_token_indx": 84,
      "end_token_indx": 87,
      "rank": 1,
      "score": 0.0014447406865656376
    }
  ],
  "81:15-29_330": [
    {
      "answer": "بالخنس . الجوار الكنس .",
      "strt_token_indx": 9,
      "end_token_indx": 32,
      "rank": 1,
      "score": 6.310451863100752e-05
    }
  ],
  "87:6-19_330": [
    {
      "answer": "نفعت الذكرى",
      "strt_token_indx": 84,
      "end_token_indx": 95,
      "rank": 1,
      "score": 0.09642738103866577
    }
  ],
  "90:5-10_330": [
    {
      "answer": "لم يره أحد",
      "strt_token_indx": 60,
      "end_token_indx": 70,
      "rank": 1,
      "score": 0.013702023774385452
    }
  ],
  "91:1-10_330": [
    {
      "answer": "والشمس وضحاها",
      "strt_token_indx": 0,
      "end_token_indx": 13,
      "rank": 1,
      "score": 0.0005514241638593376
    }
  ],
  "28:85-88_322": [
    {
      "answer": "معاد",
      "strt_token_indx": 34,
      "end_token_indx": 38,
      "rank": 1,
      "score": 0.7456820011138916
    }
  ],
  "24:1-3_322": [
    {
      "answer": "المؤمنين",
      "strt_token_indx": 294,
      "end_token_indx": 302,
      "rank": 1,
      "score": 0.13383828103542328
    }
  ],
  "46:9-14_260": [
    {
      "answer": "خالدين",
      "strt_token_indx": 496,
      "end_token_indx": 502,
      "rank": 1,
      "score": 0.21680180728435516
    }
  ],
  "51:7-14_260": [
    {
      "answer": "الخراصون",
      "strt_token_indx": 63,
      "end_token_indx": 71,
      "rank": 1,
      "score": 0.8224136233329773
    }
  ],
  "24:11-18_260": [
    {
      "answer": "المؤمنون والمؤمنات",
      "strt_token_indx": 151,
      "end_token_indx": 169,
      "rank": 1,
      "score": 0.12239649891853333
    }
  ],
  "86:11-17_384": [
    {
      "answer": "بالهزل",
      "strt_token_indx": 61,
      "end_token_indx": 67,
      "rank": 1,
      "score": 0.30694031715393066
    }
  ],
  "4:90-91_384": [
    {
      "answer": "اعتزلوكم",
      "strt_token_indx": 134,
      "end_token_indx": 142,
      "rank": 1,
      "score": 1.6921339920372702e-05
    }
  ],
  "39:27-31_384": [
    {
      "answer": "ضرب الله",
      "strt_token_indx": 94,
      "end_token_indx": 102,
      "rank": 1,
      "score": 0.05823282524943352
    }
  ],
  "4:2-6_336": [
    {
      "answer": "خفتم ألا تقسطوا في اليتامى",
      "strt_token_indx": 104,
      "end_token_indx": 130,
      "rank": 1,
      "score": 0.7389883399009705
    }
  ],
  "33:59-59_336": [
    {
      "answer": "قل",
      "strt_token_indx": 14,
      "end_token_indx": 16,
      "rank": 1,
      "score": 0.006952186580747366
    }
  ]
}