114	Q0	13:25-27	1	0.7297	CrossEncoder
114	Q0	10:54-56	2	0.7116	CrossEncoder
114	Q0	2:204-207	3	0.7070	CrossEncoder
114	Q0	2:26-27	4	0.6967	CrossEncoder
114	Q0	42:27-31	5	0.6932	CrossEncoder
114	Q0	29:19-23	6	0.6887	CrossEncoder
114	Q0	14:47-52	7	0.6879	CrossEncoder
114	Q0	16:43-50	8	0.6753	CrossEncoder
114	Q0	6:164-165	9	0.6746	CrossEncoder
114	Q0	47:7-11	10	0.6733	CrossEncoder
114	Q0	16:15-18	11	0.6689	CrossEncoder
114	Q0	25:63-77	12	0.6660	CrossEncoder
114	Q0	34:6-9	13	0.6525	CrossEncoder
114	Q0	30:8-16	14	0.6522	CrossEncoder
114	Q0	40:61-66	15	0.6491	CrossEncoder
114	Q0	57:22-24	16	0.6457	CrossEncoder
114	Q0	11:18-24	17	0.6339	CrossEncoder
114	Q0	6:63-67	18	0.6196	CrossEncoder
114	Q0	17:36-39	19	0.6181	CrossEncoder
114	Q0	13:8-11	20	0.6150	CrossEncoder
114	Q0	3:176-180	21	0.6133	CrossEncoder
114	Q0	22:16-18	22	0.6107	CrossEncoder
114	Q0	39:60-67	23	0.6045	CrossEncoder
114	Q0	39:38-40	24	0.5980	CrossEncoder
114	Q0	81:26-29	25	0.5888	CrossEncoder
114	Q0	35:36-38	26	0.5859	CrossEncoder
114	Q0	51:47-51	27	0.5559	CrossEncoder
114	Q0	6:93-94	28	0.5558	CrossEncoder
114	Q0	29:44-45	29	0.5549	CrossEncoder
114	Q0	33:25-27	30	0.5292	CrossEncoder
114	Q0	4:110-112	31	0.5208	CrossEncoder
124	Q0	6:4-7	1	0.6176	CrossEncoder
124	Q0	11:116-117	2	0.6126	CrossEncoder
124	Q0	79:1-5	3	0.5928	CrossEncoder
124	Q0	4:176-176	4	0.5874	CrossEncoder
124	Q0	34:28-30	5	0.5776	CrossEncoder
124	Q0	9:124-127	6	0.5713	CrossEncoder
124	Q0	2:226-227	7	0.5685	CrossEncoder
124	Q0	29:14-15	8	0.5659	CrossEncoder
124	Q0	89:21-30	9	0.5658	CrossEncoder
124	Q0	7:94-95	10	0.5601	CrossEncoder
124	Q0	4:11-12	11	0.5587	CrossEncoder
124	Q0	70:1-7	12	0.5538	CrossEncoder
124	Q0	23:42-44	13	0.5438	CrossEncoder
124	Q0	83:29-36	14	0.5431	CrossEncoder
124	Q0	102:1-4	15	0.5299	CrossEncoder
124	Q0	69:19-24	16	0.5283	CrossEncoder
124	Q0	111:1-5	17	0.5223	CrossEncoder
124	Q0	4:12-14	18	0.5203	CrossEncoder
124	Q0	4:15-16	19	0.5194	CrossEncoder
126	Q0	37:62-74	1	0.7090	CrossEncoder
126	Q0	44:40-50	2	0.6989	CrossEncoder
126	Q0	31:27-28	3	0.6547	CrossEncoder
126	Q0	56:63-74	4	0.6512	CrossEncoder
126	Q0	16:10-13	5	0.6385	CrossEncoder
126	Q0	37:139-148	6	0.6295	CrossEncoder
126	Q0	20:115-122	7	0.6123	CrossEncoder
126	Q0	6:141-142	8	0.6079	CrossEncoder
126	Q0	36:55-58	9	0.5839	CrossEncoder
126	Q0	42:27-31	10	0.5837	CrossEncoder
126	Q0	11:6-7	11	0.5820	CrossEncoder
126	Q0	40:67-68	12	0.5788	CrossEncoder
126	Q0	35:27-28	13	0.5748	CrossEncoder
126	Q0	10:24-25	14	0.5718	CrossEncoder
126	Q0	20:49-55	15	0.5688	CrossEncoder
126	Q0	14:24-27	16	0.5595	CrossEncoder
126	Q0	31:10-11	17	0.5587	CrossEncoder
126	Q0	79:6-14	18	0.5538	CrossEncoder
126	Q0	91:1-10	19	0.5498	CrossEncoder
126	Q0	23:17-22	20	0.5419	CrossEncoder
126	Q0	84:1-5	21	0.5388	CrossEncoder
126	Q0	38:49-54	22	0.5331	CrossEncoder
126	Q0	81:15-25	23	0.5249	CrossEncoder
126	Q0	79:27-33	24	0.5246	CrossEncoder
126	Q0	6:95-99	25	0.5104	CrossEncoder
135	Q0	28:33-35	1	0.6472	CrossEncoder
135	Q0	6:60-62	2	0.6314	CrossEncoder
135	Q0	38:17-20	3	0.6248	CrossEncoder
135	Q0	11:25-31	4	0.6192	CrossEncoder
135	Q0	69:25-37	5	0.6151	CrossEncoder
135	Q0	18:78-82	6	0.6138	CrossEncoder
135	Q0	21:25-29	7	0.6063	CrossEncoder
135	Q0	84:6-15	8	0.6043	CrossEncoder
135	Q0	12:67-68	9	0.6019	CrossEncoder
135	Q0	29:8-9	10	0.5970	CrossEncoder
135	Q0	73:15-19	11	0.5954	CrossEncoder
135	Q0	40:67-68	12	0.5935	CrossEncoder
135	Q0	65:4-7	13	0.5922	CrossEncoder
135	Q0	19:12-15	14	0.5844	CrossEncoder
135	Q0	12:36-42	15	0.5827	CrossEncoder
135	Q0	38:41-44	16	0.5639	CrossEncoder
135	Q0	2:255-255	17	0.5634	CrossEncoder
135	Q0	88:21-26	18	0.5621	CrossEncoder
135	Q0	43:26-28	19	0.5578	CrossEncoder
135	Q0	2:180-182	20	0.5544	CrossEncoder
135	Q0	7:144-145	21	0.5487	CrossEncoder
135	Q0	7:109-112	22	0.5414	CrossEncoder
135	Q0	81:15-25	23	0.5396	CrossEncoder
135	Q0	12:4-6	24	0.5317	CrossEncoder
135	Q0	12:7-10	25	0.5260	CrossEncoder
135	Q0	20:95-98	26	0.5247	CrossEncoder
135	Q0	87:6-13	27	0.5224	CrossEncoder
135	Q0	27:67-75	28	0.5081	CrossEncoder
135	Q0	12:93-96	29	0.5071	CrossEncoder
156	Q0	4:127-127	1	0.7235	CrossEncoder
156	Q0	2:222-223	2	0.7108	CrossEncoder
156	Q0	33:32-34	3	0.6917	CrossEncoder
156	Q0	4:34-35	4	0.6872	CrossEncoder
156	Q0	7:80-84	5	0.6443	CrossEncoder
156	Q0	4:128-130	6	0.6392	CrossEncoder
156	Q0	4:1-1	7	0.6358	CrossEncoder
156	Q0	4:176-176	8	0.6238	CrossEncoder
156	Q0	65:4-7	9	0.6213	CrossEncoder
156	Q0	4:2-6	10	0.6177	CrossEncoder
156	Q0	4:15-16	11	0.6107	CrossEncoder
156	Q0	33:59-59	12	0.5927	CrossEncoder
156	Q0	2:226-227	13	0.5836	CrossEncoder
156	Q0	75:36-40	14	0.5739	CrossEncoder
156	Q0	4:32-33	15	0.5635	CrossEncoder
156	Q0	4:11-12	16	0.5522	CrossEncoder
156	Q0	113:1-5	17	0.5282	CrossEncoder
156	Q0	15:87-89	18	0.5229	CrossEncoder
157	Q0	5:35-37	1	0.6533	CrossEncoder
157	Q0	61:1-4	2	0.6200	CrossEncoder
157	Q0	4:29-30	3	0.5915	CrossEncoder
157	Q0	3:21-22	4	0.5606	CrossEncoder
157	Q0	30:54-54	5	0.5118	CrossEncoder
157	Q0	2:26-27	6	0.5083	CrossEncoder
207	Q0	26:105-122	1	0.6793	CrossEncoder
207	Q0	12:108-111	2	0.6747	CrossEncoder
207	Q0	10:71-73	3	0.6480	CrossEncoder
207	Q0	59:6-7	4	0.6424	CrossEncoder
207	Q0	28:36-43	5	0.6406	CrossEncoder
207	Q0	11:25-31	6	0.6357	CrossEncoder
207	Q0	7:59-64	7	0.6305	CrossEncoder
207	Q0	71:25-28	8	0.6192	CrossEncoder
207	Q0	19:51-58	9	0.6185	CrossEncoder
207	Q0	2:139-141	10	0.6015	CrossEncoder
207	Q0	71:21-24	11	0.5977	CrossEncoder
207	Q0	43:46-56	12	0.5946	CrossEncoder
207	Q0	9:69-70	13	0.5920	CrossEncoder
207	Q0	4:163-166	14	0.5796	CrossEncoder
207	Q0	29:24-27	15	0.5786	CrossEncoder
207	Q0	71:1-4	16	0.5786	CrossEncoder
207	Q0	19:73-76	17	0.5731	CrossEncoder
207	Q0	33:9-17	18	0.5710	CrossEncoder
207	Q0	15:1-9	19	0.5704	CrossEncoder
207	Q0	7:85-93	20	0.5674	CrossEncoder
207	Q0	21:25-29	21	0.5673	CrossEncoder
207	Q0	17:101-104	22	0.5583	CrossEncoder
207	Q0	38:41-44	23	0.5582	CrossEncoder
207	Q0	67:28-30	24	0.5572	CrossEncoder
207	Q0	26:41-51	25	0.5562	CrossEncoder
207	Q0	11:15-17	26	0.5559	CrossEncoder
207	Q0	5:67-69	27	0.5532	CrossEncoder
207	Q0	24:4-5	28	0.5523	CrossEncoder
207	Q0	43:81-89	29	0.5514	CrossEncoder
207	Q0	23:31-41	30	0.5507	CrossEncoder
207	Q0	98:6-8	31	0.5480	CrossEncoder
207	Q0	13:36-37	32	0.5442	CrossEncoder
207	Q0	3:196-198	33	0.5421	CrossEncoder
207	Q0	10:87-89	34	0.5386	CrossEncoder
207	Q0	12:43-49	35	0.5364	CrossEncoder
207	Q0	20:83-85	36	0.5338	CrossEncoder
207	Q0	2:258-258	37	0.5320	CrossEncoder
207	Q0	2:246-246	38	0.5317	CrossEncoder
207	Q0	39:6-8	39	0.5276	CrossEncoder
207	Q0	2:49-52	40	0.5267	CrossEncoder
207	Q0	7:103-108	41	0.5227	CrossEncoder
207	Q0	38:30-40	42	0.5219	CrossEncoder
207	Q0	85:17-22	43	0.5184	CrossEncoder
207	Q0	2:53-57	44	0.5156	CrossEncoder
207	Q0	36:55-58	45	0.5092	CrossEncoder
207	Q0	64:7-10	46	0.5077	CrossEncoder
207	Q0	38:45-48	47	0.5059	CrossEncoder
224	Q0	12:93-96	1	0.6928	CrossEncoder
224	Q0	12:7-10	2	0.6874	CrossEncoder
224	Q0	12:108-111	3	0.6773	CrossEncoder
224	Q0	12:16-18	4	0.6734	CrossEncoder
224	Q0	9:128-129	5	0.6504	CrossEncoder
224	Q0	29:24-27	6	0.6458	CrossEncoder
224	Q0	42:27-31	7	0.6413	CrossEncoder
224	Q0	20:95-98	8	0.6389	CrossEncoder
224	Q0	7:148-149	9	0.6381	CrossEncoder
224	Q0	7:137-137	10	0.6378	CrossEncoder
224	Q0	12:80-80	11	0.6371	CrossEncoder
224	Q0	40:36-37	12	0.6340	CrossEncoder
224	Q0	25:7-10	13	0.6336	CrossEncoder
224	Q0	37:75-82	14	0.6287	CrossEncoder
224	Q0	38:30-40	15	0.6170	CrossEncoder
224	Q0	12:4-6	16	0.6169	CrossEncoder
224	Q0	69:25-37	17	0.6167	CrossEncoder
224	Q0	40:34-35	18	0.6147	CrossEncoder
224	Q0	6:122-124	19	0.6024	CrossEncoder
224	Q0	37:133-138	20	0.6008	CrossEncoder
224	Q0	37:123-132	21	0.6004	CrossEncoder
224	Q0	12:67-68	22	0.5999	CrossEncoder
224	Q0	73:15-19	23	0.5966	CrossEncoder
224	Q0	25:1-2	24	0.5949	CrossEncoder
224	Q0	20:83-85	25	0.5946	CrossEncoder
224	Q0	37:114-122	26	0.5924	CrossEncoder
224	Q0	19:12-15	27	0.5923	CrossEncoder
224	Q0	16:41-42	28	0.5864	CrossEncoder
224	Q0	21:89-90	29	0.5810	CrossEncoder
224	Q0	7:57-58	30	0.5738	CrossEncoder
224	Q0	28:20-21	31	0.5730	CrossEncoder
224	Q0	29:36-37	32	0.5712	CrossEncoder
224	Q0	100:6-11	33	0.5701	CrossEncoder
224	Q0	11:8-11	34	0.5637	CrossEncoder
224	Q0	33:25-27	35	0.5605	CrossEncoder
224	Q0	21:45-47	36	0.5598	CrossEncoder
224	Q0	5:78-81	37	0.5537	CrossEncoder
224	Q0	31:12-13	38	0.5526	CrossEncoder
224	Q0	64:5-6	39	0.5461	CrossEncoder
224	Q0	18:57-59	40	0.5452	CrossEncoder
224	Q0	2:211-212	41	0.5439	CrossEncoder
224	Q0	2:49-52	42	0.5385	CrossEncoder
224	Q0	18:83-89	43	0.5369	CrossEncoder
224	Q0	38:12-16	44	0.5355	CrossEncoder
224	Q0	9:30-31	45	0.5307	CrossEncoder
224	Q0	92:12-21	46	0.5213	CrossEncoder
224	Q0	110:1-3	47	0.5123	CrossEncoder
224	Q0	3:149-151	48	0.5083	CrossEncoder
234	Q0	12:108-111	1	0.7075	CrossEncoder
234	Q0	11:36-37	2	0.6889	CrossEncoder
234	Q0	26:105-122	3	0.6889	CrossEncoder
234	Q0	40:5-6	4	0.6758	CrossEncoder
234	Q0	29:16-18	5	0.6725	CrossEncoder
234	Q0	37:75-82	6	0.6709	CrossEncoder
234	Q0	11:32-35	7	0.6703	CrossEncoder
234	Q0	51:38-46	8	0.6613	CrossEncoder
234	Q0	71:1-4	9	0.6546	CrossEncoder
234	Q0	11:49-49	10	0.6530	CrossEncoder
234	Q0	10:87-89	11	0.6465	CrossEncoder
234	Q0	29:24-27	12	0.6434	CrossEncoder
234	Q0	29:14-15	13	0.6410	CrossEncoder
234	Q0	43:26-28	14	0.6395	CrossEncoder
234	Q0	71:21-24	15	0.6338	CrossEncoder
234	Q0	4:163-166	16	0.6255	CrossEncoder
234	Q0	7:172-174	17	0.6248	CrossEncoder
234	Q0	3:42-44	18	0.6235	CrossEncoder
234	Q0	7:137-137	19	0.6214	CrossEncoder
234	Q0	23:78-92	20	0.6141	CrossEncoder
234	Q0	21:104-106	21	0.6133	CrossEncoder
234	Q0	25:35-40	22	0.6067	CrossEncoder
234	Q0	20:95-98	23	0.6067	CrossEncoder
234	Q0	32:4-9	24	0.6033	CrossEncoder
234	Q0	7:54-56	25	0.6032	CrossEncoder
234	Q0	7:138-140	26	0.5990	CrossEncoder
234	Q0	69:9-12	27	0.5969	CrossEncoder
234	Q0	32:23-27	28	0.5968	CrossEncoder
234	Q0	21:87-88	29	0.5927	CrossEncoder
234	Q0	20:17-24	30	0.5898	CrossEncoder
234	Q0	40:36-37	31	0.5862	CrossEncoder
234	Q0	7:103-108	32	0.5857	CrossEncoder
234	Q0	11:6-7	33	0.5803	CrossEncoder
234	Q0	73:15-19	34	0.5798	CrossEncoder
234	Q0	7:144-145	35	0.5786	CrossEncoder
234	Q0	17:101-104	36	0.5742	CrossEncoder
234	Q0	19:51-58	37	0.5742	CrossEncoder
234	Q0	20:83-85	38	0.5709	CrossEncoder
234	Q0	20:77-79	39	0.5708	CrossEncoder
234	Q0	7:109-112	40	0.5703	CrossEncoder
234	Q0	2:49-52	41	0.5700	CrossEncoder
234	Q0	11:96-99	42	0.5641	CrossEncoder
234	Q0	23:45-50	43	0.5588	CrossEncoder
234	Q0	2:34-39	44	0.5538	CrossEncoder
234	Q0	38:45-48	45	0.5515	CrossEncoder
234	Q0	7:19-25	46	0.5507	CrossEncoder
234	Q0	2:260-260	47	0.5501	CrossEncoder
234	Q0	87:14-19	48	0.5243	CrossEncoder
234	Q0	38:30-40	49	0.5120	CrossEncoder
241	Q0	8:50-51	1	0.7279	CrossEncoder
241	Q0	3:42-44	2	0.7271	CrossEncoder
241	Q0	41:30-32	3	0.7103	CrossEncoder
241	Q0	5:101-102	4	0.7096	CrossEncoder
241	Q0	16:33-34	5	0.7090	CrossEncoder
241	Q0	17:40-44	6	0.7002	CrossEncoder
241	Q0	3:62-68	7	0.6918	CrossEncoder
241	Q0	46:29-32	8	0.6916	CrossEncoder
241	Q0	59:21-24	9	0.6899	CrossEncoder
241	Q0	17:45-48	10	0.6854	CrossEncoder
241	Q0	3:78-80	11	0.6848	CrossEncoder
241	Q0	42:1-6	12	0.6839	CrossEncoder
241	Q0	3:84-85	13	0.6796	CrossEncoder
241	Q0	27:76-78	14	0.6778	CrossEncoder
241	Q0	20:1-8	15	0.6755	CrossEncoder
241	Q0	39:27-31	16	0.6703	CrossEncoder
241	Q0	78:38-40	17	0.6673	CrossEncoder
241	Q0	76:23-26	18	0.6669	CrossEncoder
241	Q0	16:98-102	19	0.6665	CrossEncoder
241	Q0	2:258-258	20	0.6658	CrossEncoder
241	Q0	17:9-11	21	0.6656	CrossEncoder
241	Q0	19:51-58	22	0.6649	CrossEncoder
241	Q0	13:1-4	23	0.6628	CrossEncoder
241	Q0	10:61-61	24	0.6583	CrossEncoder
241	Q0	6:109-111	25	0.6578	CrossEncoder
241	Q0	47:25-29	26	0.6550	CrossEncoder
241	Q0	41:25-29	27	0.6548	CrossEncoder
241	Q0	2:159-162	28	0.6539	CrossEncoder
241	Q0	37:149-157	29	0.6539	CrossEncoder
241	Q0	6:125-127	30	0.6535	CrossEncoder
241	Q0	25:21-29	31	0.6529	CrossEncoder
241	Q0	25:30-34	32	0.6509	CrossEncoder
241	Q0	20:114-114	33	0.6504	CrossEncoder
241	Q0	17:88-89	34	0.6467	CrossEncoder
241	Q0	16:24-29	35	0.6444	CrossEncoder
241	Q0	27:1-6	36	0.6388	CrossEncoder
241	Q0	18:50-53	37	0.6362	CrossEncoder
241	Q0	66:9-9	38	0.6330	CrossEncoder
241	Q0	4:163-166	39	0.6323	CrossEncoder
241	Q0	33:41-44	40	0.6296	CrossEncoder
241	Q0	8:62-66	41	0.6281	CrossEncoder
241	Q0	33:42-48	42	0.6252	CrossEncoder
241	Q0	60:12-13	43	0.6239	CrossEncoder
241	Q0	3:21-22	44	0.6208	CrossEncoder
241	Q0	4:51-55	45	0.6196	CrossEncoder
241	Q0	21:25-29	46	0.6193	CrossEncoder
241	Q0	33:56-58	47	0.6188	CrossEncoder
241	Q0	38:45-48	48	0.5977	CrossEncoder
241	Q0	85:17-22	49	0.5912	CrossEncoder
241	Q0	19:88-95	50	0.5879	CrossEncoder
245	Q0	9:128-129	1	0.6089	CrossEncoder
245	Q0	6:63-67	2	0.6032	CrossEncoder
245	Q0	30:54-54	3	0.5974	CrossEncoder
245	Q0	29:16-18	4	0.5810	CrossEncoder
245	Q0	4:113-113	5	0.5770	CrossEncoder
245	Q0	4:94-94	6	0.5647	CrossEncoder
245	Q0	59:6-7	7	0.5605	CrossEncoder
245	Q0	4:26-28	8	0.5511	CrossEncoder
245	Q0	22:73-76	9	0.5419	CrossEncoder
245	Q0	42:27-31	10	0.5397	CrossEncoder
260	Q0	51:7-14	1	0.6186	CrossEncoder
260	Q0	15:78-79	2	0.6102	CrossEncoder
260	Q0	83:29-36	3	0.5840	CrossEncoder
260	Q0	19:66-72	4	0.5791	CrossEncoder
260	Q0	3:42-44	5	0.5684	CrossEncoder
260	Q0	74:38-48	6	0.5593	CrossEncoder
260	Q0	90:11-20	7	0.5503	CrossEncoder
260	Q0	88:21-26	8	0.5296	CrossEncoder
322	Q0	5:101-102	1	0.7102	CrossEncoder
322	Q0	17:45-48	2	0.7092	CrossEncoder
322	Q0	20:1-8	3	0.7016	CrossEncoder
322	Q0	46:29-32	4	0.6927	CrossEncoder
322	Q0	12:1-3	5	0.6878	CrossEncoder
322	Q0	39:27-31	6	0.6874	CrossEncoder
322	Q0	7:204-206	7	0.6841	CrossEncoder
322	Q0	59:21-24	8	0.6824	CrossEncoder
322	Q0	76:23-26	9	0.6800	CrossEncoder
322	Q0	16:98-102	10	0.6791	CrossEncoder
322	Q0	84:16-25	11	0.6762	CrossEncoder
322	Q0	17:88-89	12	0.6723	CrossEncoder
322	Q0	27:76-78	13	0.6722	CrossEncoder
322	Q0	17:40-44	14	0.6708	CrossEncoder
322	Q0	28:85-88	15	0.6700	CrossEncoder
322	Q0	54:18-22	16	0.6627	CrossEncoder
322	Q0	30:55-60	17	0.6603	CrossEncoder
322	Q0	27:1-6	18	0.6599	CrossEncoder
322	Q0	17:9-11	19	0.6588	CrossEncoder
322	Q0	34:31-33	20	0.6548	CrossEncoder
322	Q0	25:30-34	21	0.6513	CrossEncoder
322	Q0	41:25-29	22	0.6358	CrossEncoder
322	Q0	20:114-114	23	0.6352	CrossEncoder
322	Q0	43:1-8	24	0.6296	CrossEncoder
322	Q0	10:61-61	25	0.6112	CrossEncoder
322	Q0	3:84-85	26	0.6061	CrossEncoder
322	Q0	85:17-22	27	0.5955	CrossEncoder
322	Q0	3:62-68	28	0.5934	CrossEncoder
322	Q0	6:125-127	29	0.5823	CrossEncoder
322	Q0	75:16-19	30	0.5685	CrossEncoder
322	Q0	6:161-163	31	0.5647	CrossEncoder
322	Q0	3:18-20	32	0.5466	CrossEncoder
322	Q0	2:256-256	33	0.5461	CrossEncoder
322	Q0	28:51-56	34	0.5454	CrossEncoder
322	Q0	72:14-17	35	0.5423	CrossEncoder
322	Q0	13:36-37	36	0.5299	CrossEncoder
322	Q0	11:15-17	37	0.5182	CrossEncoder
322	Q0	29:46-47	38	0.5090	CrossEncoder
322	Q0	21:25-29	39	0.5034	CrossEncoder
330	Q0	7:80-84	1	0.5968	CrossEncoder
330	Q0	42:16-19	2	0.5934	CrossEncoder
330	Q0	75:1-15	3	0.5879	CrossEncoder
330	Q0	16:43-50	4	0.5826	CrossEncoder
330	Q0	21:30-35	5	0.5810	CrossEncoder
330	Q0	6:91-92	6	0.5788	CrossEncoder
330	Q0	37:133-138	7	0.5681	CrossEncoder
330	Q0	7:175-178	8	0.5675	CrossEncoder
330	Q0	75:36-40	9	0.5619	CrossEncoder
330	Q0	40:67-68	10	0.5614	CrossEncoder
330	Q0	96:1-5	11	0.5573	CrossEncoder
330	Q0	2:26-27	12	0.5559	CrossEncoder
330	Q0	34:6-9	13	0.5541	CrossEncoder
330	Q0	11:8-11	14	0.5532	CrossEncoder
330	Q0	7:8-10	15	0.5521	CrossEncoder
330	Q0	23:78-92	16	0.5501	CrossEncoder
330	Q0	12:102-107	17	0.5494	CrossEncoder
330	Q0	50:16-19	18	0.5476	CrossEncoder
330	Q0	2:256-256	19	0.5460	CrossEncoder
330	Q0	67:24-27	20	0.5454	CrossEncoder
330	Q0	96:6-8	21	0.5442	CrossEncoder
330	Q0	86:5-10	22	0.5440	CrossEncoder
330	Q0	99:1-8	23	0.5432	CrossEncoder
330	Q0	7:52-53	24	0.5431	CrossEncoder
330	Q0	55:14-16	25	0.5424	CrossEncoder
330	Q0	34:20-23	26	0.5421	CrossEncoder
330	Q0	39:49-52	27	0.5366	CrossEncoder
330	Q0	76:1-4	28	0.5341	CrossEncoder
330	Q0	114:1-6	29	0.5339	CrossEncoder
330	Q0	21:16-20	30	0.5306	CrossEncoder
330	Q0	79:1-5	31	0.5213	CrossEncoder
330	Q0	40:10-12	32	0.5209	CrossEncoder
330	Q0	10:1-2	33	0.5204	CrossEncoder
330	Q0	9:124-127	34	0.5142	CrossEncoder
330	Q0	4:137-139	35	0.5142	CrossEncoder
330	Q0	80:17-23	36	0.5070	CrossEncoder
330	Q0	83:1-6	37	0.5054	CrossEncoder
330	Q0	100:6-11	38	0.5043	CrossEncoder
330	Q0	7:146-147	39	0.5030	CrossEncoder
330	Q0	70:19-21	40	0.5027	CrossEncoder
336	Q0	4:127-127	1	0.7049	CrossEncoder
336	Q0	4:2-6	2	0.6857	CrossEncoder
336	Q0	33:32-34	3	0.6826	CrossEncoder
336	Q0	7:80-84	4	0.6725	CrossEncoder
336	Q0	4:176-176	5	0.6612	CrossEncoder
336	Q0	4:15-16	6	0.6601	CrossEncoder
336	Q0	3:84-85	7	0.6477	CrossEncoder
336	Q0	33:59-59	8	0.6443	CrossEncoder
336	Q0	2:222-223	9	0.6386	CrossEncoder
336	Q0	4:34-35	10	0.6339	CrossEncoder
336	Q0	4:1-1	11	0.6301	CrossEncoder
336	Q0	10:61-61	12	0.6283	CrossEncoder
336	Q0	98:1-5	13	0.6248	CrossEncoder
336	Q0	33:28-31	14	0.6239	CrossEncoder
336	Q0	2:226-227	15	0.6205	CrossEncoder
336	Q0	33:1-3	16	0.6166	CrossEncoder
336	Q0	3:42-44	17	0.6162	CrossEncoder
336	Q0	6:138-140	18	0.6119	CrossEncoder
336	Q0	4:32-33	19	0.6079	CrossEncoder
336	Q0	60:12-13	20	0.6029	CrossEncoder
336	Q0	39:6-8	21	0.6007	CrossEncoder
336	Q0	8:62-66	22	0.5987	CrossEncoder
336	Q0	27:76-78	23	0.5977	CrossEncoder
336	Q0	3:21-22	24	0.5962	CrossEncoder
336	Q0	65:4-7	25	0.5747	CrossEncoder
336	Q0	33:7-8	26	0.5725	CrossEncoder
336	Q0	4:11-12	27	0.5669	CrossEncoder
336	Q0	8:41-41	28	0.5661	CrossEncoder
336	Q0	15:87-89	29	0.5642	CrossEncoder
336	Q0	2:256-256	30	0.5641	CrossEncoder
336	Q0	6:125-127	31	0.5628	CrossEncoder
336	Q0	36:55-58	32	0.5580	CrossEncoder
336	Q0	6:136-137	33	0.5566	CrossEncoder
336	Q0	16:41-42	34	0.5562	CrossEncoder
336	Q0	28:51-56	35	0.5412	CrossEncoder
336	Q0	5:65-66	36	0.5374	CrossEncoder
336	Q0	17:9-11	37	0.5323	CrossEncoder
336	Q0	66:9-9	38	0.5272	CrossEncoder
336	Q0	25:7-10	39	0.5242	CrossEncoder
336	Q0	51:47-51	40	0.5084	CrossEncoder
336	Q0	6:161-163	41	0.5077	CrossEncoder
337	Q0	46:29-32	1	0.6998	CrossEncoder
337	Q0	6:91-92	2	0.6925	CrossEncoder
337	Q0	17:45-48	3	0.6909	CrossEncoder
337	Q0	3:84-85	4	0.6879	CrossEncoder
337	Q0	3:78-80	5	0.6852	CrossEncoder
337	Q0	7:204-206	6	0.6816	CrossEncoder
337	Q0	59:21-24	7	0.6800	CrossEncoder
337	Q0	6:161-163	8	0.6786	CrossEncoder
337	Q0	20:1-8	9	0.6756	CrossEncoder
337	Q0	39:27-31	10	0.6756	CrossEncoder
337	Q0	16:98-102	11	0.6749	CrossEncoder
337	Q0	12:1-3	12	0.6745	CrossEncoder
337	Q0	17:59-60	13	0.6709	CrossEncoder
337	Q0	6:125-127	14	0.6698	CrossEncoder
337	Q0	27:76-78	15	0.6688	CrossEncoder
337	Q0	42:51-53	16	0.6674	CrossEncoder
337	Q0	17:40-44	17	0.6670	CrossEncoder
337	Q0	41:25-29	18	0.6663	CrossEncoder
337	Q0	17:88-89	19	0.6607	CrossEncoder
337	Q0	43:1-8	20	0.6595	CrossEncoder
337	Q0	34:31-33	21	0.6581	CrossEncoder
337	Q0	17:9-11	22	0.6556	CrossEncoder
337	Q0	76:23-26	23	0.6550	CrossEncoder
337	Q0	10:61-61	24	0.6547	CrossEncoder
337	Q0	84:16-25	25	0.6525	CrossEncoder
337	Q0	27:1-6	26	0.6491	CrossEncoder
337	Q0	54:18-22	27	0.6445	CrossEncoder
337	Q0	2:187-187	28	0.6431	CrossEncoder
337	Q0	25:30-34	29	0.6418	CrossEncoder
337	Q0	19:51-58	30	0.6402	CrossEncoder
337	Q0	39:21-26	31	0.6392	CrossEncoder
337	Q0	28:36-43	32	0.6382	CrossEncoder
337	Q0	36:69-70	33	0.6374	CrossEncoder
337	Q0	21:25-29	34	0.6332	CrossEncoder
337	Q0	27:79-81	35	0.6321	CrossEncoder
337	Q0	18:60-77	36	0.6305	CrossEncoder
337	Q0	2:258-258	37	0.6303	CrossEncoder
337	Q0	33:9-17	38	0.6276	CrossEncoder
337	Q0	3:52-53	39	0.6178	CrossEncoder
337	Q0	2:260-260	40	0.6135	CrossEncoder
337	Q0	17:1-1	41	0.6119	CrossEncoder
337	Q0	81:15-25	42	0.6088	CrossEncoder
337	Q0	78:31-37	43	0.6084	CrossEncoder
337	Q0	85:17-22	44	0.6043	CrossEncoder
337	Q0	38:45-48	45	0.5955	CrossEncoder
337	Q0	87:14-19	46	0.5906	CrossEncoder
337	Q0	96:1-5	47	0.5870	CrossEncoder
337	Q0	8:62-66	48	0.5830	CrossEncoder
337	Q0	33:35-35	49	0.5487	CrossEncoder
337	Q0	75:16-19	50	0.5360	CrossEncoder
342	Q0	6:19-21	1	0.6700	CrossEncoder
342	Q0	5:101-102	2	0.6606	CrossEncoder
342	Q0	46:29-32	3	0.6588	CrossEncoder
342	Q0	17:45-48	4	0.6575	CrossEncoder
342	Q0	12:1-3	5	0.6470	CrossEncoder
342	Q0	27:76-78	6	0.6451	CrossEncoder
342	Q0	16:98-102	7	0.6418	CrossEncoder
342	Q0	59:21-24	8	0.6409	CrossEncoder
342	Q0	17:40-44	9	0.6390	CrossEncoder
342	Q0	34:31-33	10	0.6382	CrossEncoder
342	Q0	39:27-31	11	0.6370	CrossEncoder
342	Q0	7:204-206	12	0.6352	CrossEncoder
342	Q0	43:1-8	13	0.6276	CrossEncoder
342	Q0	42:51-53	14	0.6267	CrossEncoder
342	Q0	10:61-61	15	0.6250	CrossEncoder
342	Q0	17:59-60	16	0.6249	CrossEncoder
342	Q0	41:25-29	17	0.6246	CrossEncoder
342	Q0	19:51-58	18	0.6246	CrossEncoder
342	Q0	17:88-89	19	0.6232	CrossEncoder
342	Q0	76:23-26	20	0.6214	CrossEncoder
342	Q0	3:84-85	21	0.6182	CrossEncoder
342	Q0	28:85-88	22	0.6175	CrossEncoder
342	Q0	84:16-25	23	0.6093	CrossEncoder
342	Q0	18:60-77	24	0.6089	CrossEncoder
342	Q0	17:9-11	25	0.6085	CrossEncoder
342	Q0	3:62-68	26	0.6070	CrossEncoder
342	Q0	27:1-6	27	0.6070	CrossEncoder
342	Q0	6:125-127	28	0.6062	CrossEncoder
342	Q0	16:35-40	29	0.6034	CrossEncoder
342	Q0	13:36-37	30	0.5986	CrossEncoder
342	Q0	25:30-34	31	0.5969	CrossEncoder
342	Q0	54:18-22	32	0.5952	CrossEncoder
342	Q0	11:15-17	33	0.5938	CrossEncoder
342	Q0	36:69-70	34	0.5895	CrossEncoder
342	Q0	85:17-22	35	0.5863	CrossEncoder
342	Q0	2:258-258	36	0.5829	CrossEncoder
342	Q0	4:140-143	37	0.5757	CrossEncoder
342	Q0	20:114-114	38	0.5705	CrossEncoder
342	Q0	49:1-5	39	0.5613	CrossEncoder
342	Q0	27:79-81	40	0.5566	CrossEncoder
342	Q0	4:44-46	41	0.5500	CrossEncoder
342	Q0	2:260-260	42	0.5281	CrossEncoder
342	Q0	3:52-53	43	0.5261	CrossEncoder
342	Q0	6:161-163	44	0.5257	CrossEncoder
342	Q0	78:31-37	45	0.5255	CrossEncoder
342	Q0	22:77-78	46	0.5223	CrossEncoder
342	Q0	9:73-74	47	0.5151	CrossEncoder
352	Q0	27:79-81	1	0.7239	CrossEncoder
352	Q0	3:62-68	2	0.7177	CrossEncoder
352	Q0	11:13-14	3	0.7168	CrossEncoder
352	Q0	3:52-53	4	0.7153	CrossEncoder
352	Q0	3:78-80	5	0.7134	CrossEncoder
352	Q0	28:51-56	6	0.7128	CrossEncoder
352	Q0	17:45-48	7	0.7027	CrossEncoder
352	Q0	3:84-85	8	0.7025	CrossEncoder
352	Q0	5:101-102	9	0.6996	CrossEncoder
352	Q0	29:46-47	10	0.6961	CrossEncoder
352	Q0	16:35-40	11	0.6943	CrossEncoder
352	Q0	2:135-138	12	0.6933	CrossEncoder
352	Q0	12:1-3	13	0.6917	CrossEncoder
352	Q0	46:29-32	14	0.6915	CrossEncoder
352	Q0	17:40-44	15	0.6908	CrossEncoder
352	Q0	16:98-102	16	0.6872	CrossEncoder
352	Q0	41:25-29	17	0.6852	CrossEncoder
352	Q0	59:21-24	18	0.6823	CrossEncoder
352	Q0	39:27-31	19	0.6822	CrossEncoder
352	Q0	19:51-58	20	0.6814	CrossEncoder
352	Q0	27:76-78	21	0.6813	CrossEncoder
352	Q0	84:16-25	22	0.6810	CrossEncoder
352	Q0	34:31-33	23	0.6773	CrossEncoder
352	Q0	58:22-22	24	0.6763	CrossEncoder
352	Q0	17:88-89	25	0.6725	CrossEncoder
352	Q0	6:125-127	26	0.6699	CrossEncoder
352	Q0	27:1-6	27	0.6688	CrossEncoder
352	Q0	9:73-74	28	0.6687	CrossEncoder
352	Q0	25:30-34	29	0.6663	CrossEncoder
352	Q0	54:18-22	30	0.6651	CrossEncoder
352	Q0	17:9-11	31	0.6638	CrossEncoder
352	Q0	6:161-163	32	0.6625	CrossEncoder
352	Q0	76:23-26	33	0.6601	CrossEncoder
352	Q0	8:62-66	34	0.6601	CrossEncoder
352	Q0	24:4-5	35	0.6594	CrossEncoder
352	Q0	43:1-8	36	0.6582	CrossEncoder
352	Q0	9:28-29	37	0.6552	CrossEncoder
352	Q0	43:67-73	38	0.6524	CrossEncoder
352	Q0	3:21-22	39	0.6507	CrossEncoder
352	Q0	72:14-17	40	0.6261	CrossEncoder
352	Q0	22:77-78	41	0.6197	CrossEncoder
352	Q0	10:61-61	42	0.6174	CrossEncoder
352	Q0	85:17-22	43	0.6164	CrossEncoder
352	Q0	16:112-113	44	0.6144	CrossEncoder
352	Q0	21:25-29	45	0.6031	CrossEncoder
352	Q0	60:12-13	46	0.5866	CrossEncoder
352	Q0	66:9-9	47	0.5613	CrossEncoder
352	Q0	33:35-35	48	0.5436	CrossEncoder
352	Q0	33:42-48	49	0.5115	CrossEncoder
352	Q0	75:16-19	50	0.5011	CrossEncoder
360	Q0	49:9-10	1	0.7082	CrossEncoder
360	Q0	9:71-72	2	0.6949	CrossEncoder
360	Q0	4:162-162	3	0.6883	CrossEncoder
360	Q0	2:3-5	4	0.6827	CrossEncoder
360	Q0	16:19-23	5	0.6802	CrossEncoder
360	Q0	8:1-4	6	0.6802	CrossEncoder
360	Q0	34:20-23	7	0.6779	CrossEncoder
360	Q0	10:54-56	8	0.6674	CrossEncoder
360	Q0	39:60-67	9	0.6619	CrossEncoder
360	Q0	64:11-13	10	0.6611	CrossEncoder
360	Q0	22:16-18	11	0.6586	CrossEncoder
360	Q0	29:19-23	12	0.6583	CrossEncoder
360	Q0	48:14-15	13	0.6572	CrossEncoder
360	Q0	42:27-31	14	0.6563	CrossEncoder
360	Q0	4:150-152	15	0.6560	CrossEncoder
360	Q0	59:18-20	16	0.6558	CrossEncoder
360	Q0	3:164-165	17	0.6554	CrossEncoder
360	Q0	2:163-164	18	0.6534	CrossEncoder
360	Q0	4:58-59	19	0.6530	CrossEncoder
360	Q0	10:65-70	20	0.6479	CrossEncoder
360	Q0	2:28-29	21	0.6457	CrossEncoder
360	Q0	9:86-87	22	0.6405	CrossEncoder
360	Q0	16:51-55	23	0.6397	CrossEncoder
360	Q0	7:181-186	24	0.6368	CrossEncoder
360	Q0	5:11-11	25	0.6341	CrossEncoder
360	Q0	13:25-27	26	0.6340	CrossEncoder
360	Q0	29:44-45	27	0.6288	CrossEncoder
360	Q0	45:1-6	28	0.6281	CrossEncoder
360	Q0	22:14-15	29	0.6274	CrossEncoder
360	Q0	4:66-70	30	0.6273	CrossEncoder
360	Q0	8:41-41	31	0.6257	CrossEncoder
360	Q0	26:1-9	32	0.6227	CrossEncoder
360	Q0	15:90-99	33	0.6213	CrossEncoder
360	Q0	21:42-44	34	0.6203	CrossEncoder
360	Q0	37:167-170	35	0.6149	CrossEncoder
360	Q0	39:42-44	36	0.6137	CrossEncoder
360	Q0	24:41-45	37	0.6117	CrossEncoder
360	Q0	16:41-42	38	0.6089	CrossEncoder
360	Q0	4:131-134	39	0.6027	CrossEncoder
360	Q0	58:12-13	40	0.6024	CrossEncoder
360	Q0	40:10-12	41	0.5999	CrossEncoder
360	Q0	16:15-18	42	0.5989	CrossEncoder
360	Q0	10:31-33	43	0.5952	CrossEncoder
360	Q0	42:1-6	44	0.5931	CrossEncoder
360	Q0	4:137-139	45	0.5884	CrossEncoder
360	Q0	58:5-6	46	0.5859	CrossEncoder
360	Q0	2:256-256	47	0.5846	CrossEncoder
360	Q0	13:8-11	48	0.5804	CrossEncoder
360	Q0	30:33-37	49	0.5596	CrossEncoder
384	Q0	59:6-7	1	0.6310	CrossEncoder
384	Q0	9:128-129	2	0.6228	CrossEncoder
384	Q0	34:1-2	3	0.5782	CrossEncoder
384	Q0	6:125-127	4	0.5698	CrossEncoder
384	Q0	33:42-48	5	0.5662	CrossEncoder
384	Q0	59:21-24	6	0.5571	CrossEncoder
384	Q0	3:84-85	7	0.5499	CrossEncoder
384	Q0	6:161-163	8	0.5399	CrossEncoder
384	Q0	18:27-28	9	0.5371	CrossEncoder
384	Q0	27:76-78	10	0.5365	CrossEncoder
384	Q0	16:98-102	11	0.5342	CrossEncoder
384	Q0	2:187-187	12	0.5254	CrossEncoder
384	Q0	2:258-258	13	0.5191	CrossEncoder
384	Q0	20:114-114	14	0.5170	CrossEncoder
384	Q0	10:61-61	15	0.5163	CrossEncoder
384	Q0	20:1-8	16	0.5147	CrossEncoder
384	Q0	6:114-117	17	0.5044	CrossEncoder
384	Q0	5:67-69	18	0.5027	CrossEncoder
386	Q0	2:154-157	1	0.6581	CrossEncoder
386	Q0	8:55-61	2	0.6490	CrossEncoder
386	Q0	29:10-13	3	0.6151	CrossEncoder
386	Q0	79:1-5	4	0.6130	CrossEncoder
386	Q0	16:43-50	5	0.5988	CrossEncoder
386	Q0	9:60-61	6	0.5981	CrossEncoder
386	Q0	7:188-188	7	0.5936	CrossEncoder
386	Q0	7:175-178	8	0.5931	CrossEncoder
386	Q0	13:12-13	9	0.5914	CrossEncoder
386	Q0	12:102-107	10	0.5886	CrossEncoder
386	Q0	102:5-8	11	0.5859	CrossEncoder
386	Q0	106:1-4	12	0.5856	CrossEncoder
386	Q0	78:1-5	13	0.5730	CrossEncoder
386	Q0	5:51-53	14	0.5699	CrossEncoder
386	Q0	79:34-41	15	0.5574	CrossEncoder
386	Q0	2:3-5	16	0.5475	CrossEncoder
386	Q0	9:17-18	17	0.5360	CrossEncoder
386	Q0	79:42-46	18	0.5314	CrossEncoder
386	Q0	113:1-5	19	0.5292	CrossEncoder
386	Q0	4:106-109	20	0.5153	CrossEncoder
386	Q0	4:104-104	21	0.5130	CrossEncoder
386	Q0	70:19-21	22	0.5118	CrossEncoder
386	Q0	2:8-16	23	0.5089	CrossEncoder
386	Q0	51:1-6	24	0.5074	CrossEncoder
386	Q0	9:124-127	25	0.5067	CrossEncoder
386	Q0	6:51-52	26	0.5057	CrossEncoder
386	Q0	4:137-139	27	0.5043	CrossEncoder
386	Q0	42:44-46	28	0.5026	CrossEncoder
397	Q0	5:101-102	1	0.7219	CrossEncoder
397	Q0	46:29-32	2	0.7079	CrossEncoder
397	Q0	7:204-206	3	0.6976	CrossEncoder
397	Q0	39:27-31	4	0.6960	CrossEncoder
397	Q0	12:1-3	5	0.6872	CrossEncoder
397	Q0	27:76-78	6	0.6871	CrossEncoder
397	Q0	59:21-24	7	0.6854	CrossEncoder
397	Q0	16:98-102	8	0.6850	CrossEncoder
397	Q0	17:45-48	9	0.6845	CrossEncoder
397	Q0	17:40-44	10	0.6812	CrossEncoder
397	Q0	28:85-88	11	0.6803	CrossEncoder
397	Q0	6:91-92	12	0.6777	CrossEncoder
397	Q0	25:30-34	13	0.6719	CrossEncoder
397	Q0	3:84-85	14	0.6695	CrossEncoder
397	Q0	17:88-89	15	0.6680	CrossEncoder
397	Q0	84:16-25	16	0.6653	CrossEncoder
397	Q0	34:31-33	17	0.6645	CrossEncoder
397	Q0	17:9-11	18	0.6619	CrossEncoder
397	Q0	76:23-26	19	0.6615	CrossEncoder
397	Q0	27:1-6	20	0.6534	CrossEncoder
397	Q0	41:25-29	21	0.6471	CrossEncoder
397	Q0	28:51-56	22	0.6447	CrossEncoder
397	Q0	54:18-22	23	0.6253	CrossEncoder
397	Q0	6:161-163	24	0.6141	CrossEncoder
397	Q0	3:62-68	25	0.6113	CrossEncoder
397	Q0	3:78-80	26	0.6007	CrossEncoder
397	Q0	5:54-56	27	0.5972	CrossEncoder
397	Q0	13:36-37	28	0.5858	CrossEncoder
397	Q0	2:258-258	29	0.5849	CrossEncoder
397	Q0	9:28-29	30	0.5810	CrossEncoder
397	Q0	8:5-8	31	0.5705	CrossEncoder
397	Q0	6:125-127	32	0.5680	CrossEncoder
397	Q0	11:15-17	33	0.5673	CrossEncoder
397	Q0	43:1-8	34	0.5619	CrossEncoder
397	Q0	2:256-256	35	0.5587	CrossEncoder
397	Q0	9:32-33	36	0.5511	CrossEncoder
397	Q0	19:51-58	37	0.5468	CrossEncoder
397	Q0	58:22-22	38	0.5353	CrossEncoder
397	Q0	3:21-22	39	0.5351	CrossEncoder
397	Q0	29:46-47	40	0.5331	CrossEncoder
397	Q0	16:112-113	41	0.5150	CrossEncoder
397	Q0	33:35-35	42	0.5083	CrossEncoder
419	Q0	3:84-85	1	0.6732	CrossEncoder
419	Q0	5:3-3	2	0.6688	CrossEncoder
419	Q0	58:22-22	3	0.6249	CrossEncoder
424	Q0	3:84-85	1	0.7194	CrossEncoder
424	Q0	5:3-3	2	0.6657	CrossEncoder
424	Q0	6:125-127	3	0.6095	CrossEncoder
424	Q0	2:135-138	4	0.6055	CrossEncoder
424	Q0	2:256-256	5	0.5656	CrossEncoder
424	Q0	4:127-127	6	0.5513	CrossEncoder
424	Q0	17:9-11	7	0.5425	CrossEncoder
424	Q0	33:35-35	8	0.5197	CrossEncoder
424	Q0	65:1-3	9	0.5084	CrossEncoder
428	Q0	17:9-11	1	0.6862	CrossEncoder
428	Q0	6:19-21	2	0.6833	CrossEncoder
428	Q0	3:62-68	3	0.6823	CrossEncoder
428	Q0	46:29-32	4	0.6802	CrossEncoder
428	Q0	17:45-48	5	0.6795	CrossEncoder
428	Q0	6:161-163	6	0.6731	CrossEncoder
428	Q0	20:1-8	7	0.6633	CrossEncoder
428	Q0	39:27-31	8	0.6629	CrossEncoder
428	Q0	6:91-92	9	0.6626	CrossEncoder
428	Q0	12:1-3	10	0.6577	CrossEncoder
428	Q0	42:51-53	11	0.6572	CrossEncoder
428	Q0	28:51-56	12	0.6571	CrossEncoder
428	Q0	27:76-78	13	0.6567	CrossEncoder
428	Q0	17:40-44	14	0.6558	CrossEncoder
428	Q0	11:15-17	15	0.6556	CrossEncoder
428	Q0	5:101-102	16	0.6550	CrossEncoder
428	Q0	59:21-24	17	0.6515	CrossEncoder
428	Q0	34:31-33	18	0.6481	CrossEncoder
428	Q0	3:84-85	19	0.6479	CrossEncoder
428	Q0	29:46-47	20	0.6463	CrossEncoder
428	Q0	16:98-102	21	0.6461	CrossEncoder
428	Q0	7:204-206	22	0.6455	CrossEncoder
428	Q0	17:88-89	23	0.6435	CrossEncoder
428	Q0	10:61-61	24	0.6411	CrossEncoder
428	Q0	28:85-88	25	0.6370	CrossEncoder
428	Q0	84:16-25	26	0.6306	CrossEncoder
428	Q0	41:25-29	27	0.6278	CrossEncoder
428	Q0	25:30-34	28	0.6256	CrossEncoder
428	Q0	4:51-55	29	0.6254	CrossEncoder
428	Q0	6:125-127	30	0.6229	CrossEncoder
428	Q0	76:23-26	31	0.6213	CrossEncoder
428	Q0	27:1-6	32	0.6158	CrossEncoder
428	Q0	2:258-258	33	0.6150	CrossEncoder
428	Q0	36:69-70	34	0.6150	CrossEncoder
428	Q0	17:59-60	35	0.6145	CrossEncoder
428	Q0	75:16-19	36	0.6045	CrossEncoder
428	Q0	19:51-58	37	0.6041	CrossEncoder
428	Q0	20:114-114	38	0.5968	CrossEncoder
428	Q0	3:52-53	39	0.5941	CrossEncoder
428	Q0	2:256-256	40	0.5859	CrossEncoder
428	Q0	54:18-22	41	0.5857	CrossEncoder
428	Q0	21:25-29	42	0.5744	CrossEncoder
428	Q0	11:13-14	43	0.5664	CrossEncoder
428	Q0	3:21-22	44	0.5601	CrossEncoder
428	Q0	85:17-22	45	0.5578	CrossEncoder
428	Q0	60:12-13	46	0.5574	CrossEncoder
428	Q0	16:41-42	47	0.5544	CrossEncoder
428	Q0	33:59-59	48	0.5424	CrossEncoder
428	Q0	33:1-3	49	0.5384	CrossEncoder
